status,is_placeholder,sdc_rate,requested_sdc,actual_sdc,total_cores,num_nodes,runs_ok,process_time_s_mean,process_time_s_median,speedup_vs_80_mean,efficiency_vs_80_mean,first_tree_s_mean,twin_tree_s_mean,traversal_s_mean,third_tree_s_mean,overhead_vs_first_s_mean,recovery_overhead_s_mean
incomplete,0,0.000002,1,1,40,1,0,,,,,48.951713295,48.123796595,0.907040256,,,
missing,1,0.000002,2,,40,1,0,,,,,,,,,,
missing,1,0.000002,3,,40,1,0,,,,,,,,,,
missing,1,0.000002,4,,40,1,0,,,,,,,,,,
missing,1,0.000006,3,,40,1,0,,,,,,,,,,
missing,1,0.000006,4,,40,1,0,,,,,,,,,,
missing,1,0.000006,5,,40,1,0,,,,,,,,,,
missing,1,0.000006,6,,40,1,0,,,,,,,,,,
incomplete,0,0.000002,1,0,80,2,0,,,,,,,,,,
ok,0,0.000002,1,1,80,2,20,66.13420858065,66.00511372,1.0,1.0,26.37169620585,26.26919370695,0.13067940584999999,13.35930442165,39.7625123748,39.75917753445
incomplete,0,0.000002,2,0,80,2,0,,,,,,,,,,
ok,0,0.000002,2,2,80,2,7,66.190809027,66.214399334,1.0,1.0,26.31376259457143,26.29416109914286,0.13136755457142857,13.448449208571429,39.87704643242857,39.87397786228571
incomplete,0,0.000002,3,0,80,2,0,,,,,,,,,,
ok,0,0.000002,3,2,80,2,2,67.07908644,67.07908644,1.0,1.0,26.485643903000003,26.706520074,0.147302712,13.7360799575,40.593442537,40.589902743500005
ok,0,0.000002,4,2,80,2,7,66.70137734514286,67.177698918,1.0,1.0,26.59257657742857,26.44751698942857,0.14005094857142858,13.517949088285715,40.108800767714285,40.10551702628572
ok,0,0.000006,3,3,80,2,15,72.79902139706667,72.74509977,1.0,1.0,26.400987092133334,26.239496446666667,0.1117382394,20.043389356133332,46.39803430493333,46.3946240422
ok,0,0.000006,4,4,80,2,4,78.763714257,78.9130933665,1.0,1.0,26.278259221749998,26.25664801775,0.08775805375,26.137697959,52.48545503525,52.4821040305
ok,0,0.000006,5,5,80,2,8,79.40838101225,79.4929258865,1.0,1.0,26.481534822625,26.44515204,0.093033125625,26.38562640525,52.926846189625,52.923811570875
incomplete,0,0.000006,6,0,80,2,0,,,,,,,,,,
ok,0,0.000006,6,6,80,2,6,79.74132906599999,79.595437705,1.0,1.0,26.700469597833333,26.524322303833333,0.1014865155,26.41143601816667,53.040859468166666,53.0372448375
incomplete,0,0.000002,1,0,160,4,0,,,,,,,,,,
ok,0,0.000002,1,1,160,4,18,36.765511722444444,36.893205729,1.7988110455233153,0.8994055227616576,14.670724205333332,14.45079642161111,0.16465127277777777,7.474484400444444,22.09478751711111,22.089932094833333
incomplete,0,0.000002,2,0,160,4,0,,,,,,,,,,
ok,0,0.000002,2,2,160,4,7,36.86763385528572,36.755506348,1.795363632144519,0.8976818160722595,14.721392184428572,14.493933393714286,0.1720077277142857,7.475354549428571,22.146241670857144,22.141295670857144
ok,0,0.000002,3,2,160,4,3,36.784025596999996,36.816480236,1.8235928599797078,0.9117964299898539,14.717822788,14.445221098,0.153741163,7.462364076666667,22.066202808999996,22.061326337666667
incomplete,0,0.000002,4,0,160,4,0,,,,,,,,,,
ok,0,0.000002,4,2,160,4,9,37.080076499444445,36.891432258,1.7988468105275408,0.8994234052637704,14.808613245666667,14.577223982444444,0.16523218677777776,7.524317561555556,22.271463253777778,22.26677373077778
incomplete,0,0.000006,3,0,160,4,0,,,,,,,,,,
ok,0,0.000006,3,3,160,4,11,40.445209224181816,40.454583156,1.799941767974359,0.8999708839871795,14.741588967181817,14.460637805636363,0.1591697288181818,11.078916331454545,25.703620257,25.69872386590909
ok,0,0.000006,4,4,160,4,3,42.93309570466666,43.084614588,1.8345687159111308,0.9172843579555654,14.435201212,14.139732880333334,0.14305224633333333,14.210929357,28.497894492666664,28.49371448366667
incomplete,0,0.000006,5,0,160,4,0,,,,,,,,,,
ok,0,0.000006,5,5,160,4,9,44.03149342644444,43.811230839,1.8034450987882893,0.9017225493941446,14.803457732444445,14.560535176,0.15365854644444443,14.508682647,29.228035694,29.222876369444442
incomplete,0,0.000006,6,0,160,4,0,,,,,,,,,,
ok,0,0.000006,6,6,160,4,7,43.54583158957143,43.579474737,1.8312046447425485,0.9156023223712743,14.626926618285715,14.390291103428572,0.14673208742857144,14.377152126571428,28.918904971285713,28.914175317428572
incomplete,0,0.000002,1,0,320,8,0,,,,,,,,,,
ok,0,0.000002,1,1,320,8,19,21.570408292894736,21.561317663,3.065969252071808,0.766492313017952,8.462437898578948,8.377358957315789,0.213240699,4.508899309368421,13.10797039431579,13.09949896568421
ok,0,0.000002,2,2,320,8,7,21.611441774714287,21.510819179,3.062766923049264,0.765691730762316,8.493514418857144,8.389310002285715,0.20322426742857141,4.5170411168571425,13.117927355857143,13.109575386571429
incomplete,0,0.000002,3,0,320,8,0,,,,,,,,,,
ok,0,0.000002,3,2,320,8,4,21.6828311535,21.626020293,3.0936498082342085,0.7734124520585521,8.49143376925,8.417014323,0.219719607,4.54689854275,13.19139738425,13.18363247275
ok,0,0.000002,4,2,320,8,10,21.8922201225,21.885815352,3.04680735767816,0.76170183941954,8.5720479345,8.5016152118,0.2236433607,4.5861863362,13.320172188,13.3114449087
incomplete,0,0.000006,3,0,320,8,0,,,,,,,,,,
ok,0,0.000006,3,3,320,8,11,23.753449694181818,23.748121267,3.064776793869149,0.7661941984672872,8.510679433545455,8.428492176181818,0.207016436,6.599086758727273,15.242770260636362,15.23459537090909
ok,0,0.000006,4,4,320,8,5,24.9410653604,24.94796572,3.157993177871886,0.7894982944679715,8.339921353,8.244756577,0.1826132618,8.1655118246,16.6011440074,16.5928816634
incomplete,0,0.000006,5,0,320,8,0,,,,,,,,,,
ok,0,0.000006,5,5,320,8,8,25.539294459,25.635883614,3.109262910129713,0.7773157275324283,8.53618510975,8.4379794885,0.200624153875,8.35642165525,17.00310934925,16.995025297625
incomplete,0,0.000006,6,0,320,8,0,,,,,,,,,,
ok,0,0.000006,6,6,320,8,7,25.499452930142855,25.399941216,3.1271780333662735,0.7817945083415684,8.48686758057143,8.367726481,0.18859006785714286,8.448249364285713,17.012585349571427,17.00456591314286
incomplete,0,0.000002,1,0,640,16,0,,,,,,,,,,
ok,0,0.000002,1,1,640,16,20,14.57302460935,14.5513316285,4.53812508751399,0.5672656359392487,5.66573414035,5.4737202931999995,0.29030527665,3.12777556235,8.907290469,8.8918011322
ok,0,0.000002,2,2,640,16,10,14.6369715448,14.594125017,4.522165587629038,0.5652706984536298,5.6907438364,5.4975600829,0.2985003796,3.1343607045,8.946227708399999,8.930421167
ok,0,0.000002,3,2,640,16,5,14.5376952512,14.534600873,4.614148617158763,0.5767685771448454,5.6738298364,5.4553333102,0.285250392,3.1077819204,8.8638654148,8.8483656226
ok,0,0.000002,4,2,640,16,7,14.576644394571428,14.577110093,4.5759075641567755,0.5719884455195969,5.6723804285714285,5.486951836714286,0.2812116937142857,3.1209354694285714,8.904263966,8.889098999857143
incomplete,0,0.000006,3,0,640,16,0,,,,,,,,,,
ok,0,0.000006,3,3,640,16,13,15.921865558307692,15.832663213,4.57226705818287,0.5715333822728588,5.685494544461538,5.483710286923077,0.2810922902307692,4.455400103461539,10.236371013846155,10.220202680615385
ok,0,0.000006,4,4,640,16,4,16.6677584705,16.679719537,4.725513295408176,0.590689161926022,5.61431654325,5.4193888367500005,0.268388855,5.3504279045,11.053441927249999,11.03820559625
incomplete,0,0.000006,5,0,640,16,0,,,,,,,,,,
ok,0,0.000006,5,5,640,16,6,16.64203603,16.637275282,4.7715544461689285,0.5964443057711161,5.623103962333333,5.422585394333334,0.263194371,5.317518340333334,11.018932067666668,11.003298105666667
incomplete,0,0.000006,6,0,640,16,0,,,,,,,,,,
ok,0,0.000006,6,6,640,16,7,16.88970551342857,16.898564819,4.7212977752986705,0.5901622219123338,5.701355064142857,5.500322510857143,0.2700115711428571,5.402079990142857,11.188350449285714,11.172414072142857
