status,is_placeholder,num_nodes,total_cores,sdc_rate,requested_sdc,actual_sdc,runs_total,runs_ok,runs_incomplete,runs_failed,process_time_s_mean,process_time_s_median,process_time_s_min,process_time_s_max,process_time_s_stddev,first_tree_s_mean,twin_tree_s_mean,traversal_s_mean,third_tree_s_mean,overhead_vs_first_s_mean,recovery_overhead_s_mean,actual_sdc_mean,fork_replay_exec_mean,fork_source_skip_mean,fork_value_mismatch_mean,fork_infected_mean
incomplete,0,1,40,0.000002,1,1,5,0,5,0,,,,,,48.951713295,48.123796595,0.907040256,,,,1.0,,,,
missing,1,1,40,0.000002,2,,1,0,0,0,,,,,,,,,,,,,,,,
missing,1,1,40,0.000002,3,,1,0,0,0,,,,,,,,,,,,,,,,
missing,1,1,40,0.000002,4,,1,0,0,0,,,,,,,,,,,,,,,,
missing,1,1,40,0.000006,3,,1,0,0,0,,,,,,,,,,,,,,,,
missing,1,1,40,0.000006,4,,1,0,0,0,,,,,,,,,,,,,,,,
missing,1,1,40,0.000006,5,,1,0,0,0,,,,,,,,,,,,,,,,
missing,1,1,40,0.000006,6,,1,0,0,0,,,,,,,,,,,,,,,,
incomplete,0,2,80,0.000002,1,0,1,0,1,0,,,,,,,,,,,,0.0,,,,
ok,0,2,80,0.000002,1,1,20,20,0,0,66.13420858065,66.00511372,65.06559163,68.070807729,0.8131607615512518,26.37169620585,26.26919370695,0.13067940584999999,13.35930442165,39.7625123748,39.75917753445,1.0,2.0,2.0,2.0,2.0
incomplete,0,2,80,0.000002,2,0,2,0,2,0,,,,,,,,,,,,0.0,,,,
ok,0,2,80,0.000002,2,2,7,7,0,0,66.190809027,66.214399334,64.763913672,66.766128446,0.6825653416130362,26.31376259457143,26.29416109914286,0.13136755457142857,13.448449208571429,39.87704643242857,39.87397786228571,2.0,2.0,2.0,2.0,2.0
incomplete,0,2,80,0.000002,3,0,3,0,3,0,,,,,,,,,,,,0.0,,,,
ok,0,2,80,0.000002,3,2,2,2,0,0,67.07908644,67.07908644,66.697313403,67.460859477,0.5399086066737684,26.485643903000003,26.706520074,0.147302712,13.7360799575,40.593442537,40.589902743500005,2.0,2.0,2.0,2.0,2.0
ok,0,2,80,0.000002,4,2,7,7,0,0,66.70137734514286,67.177698918,65.183094821,68.064233164,1.0760647422164702,26.59257657742857,26.44751698942857,0.14005094857142858,13.517949088285715,40.108800767714285,40.10551702628572,2.0,2.0,2.0,2.0,2.0
ok,0,2,80,0.000006,3,3,15,15,0,0,72.79902139706667,72.74509977,71.748378208,74.325808929,0.8303381666005514,26.400987092133334,26.239496446666667,0.1117382394,20.043389356133332,46.39803430493333,46.3946240422,3.0,5.666666666666667,1.0,4.933333333333334,4.933333333333334
ok,0,2,80,0.000006,4,4,4,4,0,0,78.763714257,78.9130933665,77.359575157,79.869095138,1.1682690822752522,26.278259221749998,26.25664801775,0.08775805375,26.137697959,52.48545503525,52.4821040305,4.0,4.0,0.0,4.0,4.0
ok,0,2,80,0.000006,5,5,8,8,0,0,79.40838101225,79.4929258865,78.207683242,80.959958479,1.0288955503625314,26.481534822625,26.44515204,0.093033125625,26.38562640525,52.926846189625,52.923811570875,5.0,4.0,0.0,4.0,4.0
incomplete,0,2,80,0.000006,6,0,3,0,3,0,,,,,,,,,,,,0.0,,,,
ok,0,2,80,0.000006,6,6,6,6,0,0,79.74132906599999,79.595437705,78.499715494,80.909271232,0.8970858922428102,26.700469597833333,26.524322303833333,0.1014865155,26.41143601816667,53.040859468166666,53.0372448375,6.0,4.0,0.0,4.0,4.0
incomplete,0,4,160,0.000002,1,0,3,0,3,0,,,,,,,,,,,,0.0,,,,
ok,0,4,160,0.000002,1,1,18,18,0,0,36.765511722444444,36.893205729,35.857917984,37.486466447,0.5166907108936638,14.670724205333332,14.45079642161111,0.16465127277777777,7.474484400444444,22.09478751711111,22.089932094833333,1.0,2.0,2.0,2.0,2.0
incomplete,0,4,160,0.000002,2,0,1,0,1,0,,,,,,,,,,,,0.0,,,,
ok,0,4,160,0.000002,2,2,7,7,0,0,36.86763385528572,36.755506348,36.23061852,37.668825421,0.4806525520001437,14.721392184428572,14.493933393714286,0.1720077277142857,7.475354549428571,22.146241670857144,22.141295670857144,2.0,2.0,2.0,2.0,2.0
ok,0,4,160,0.000002,3,2,3,3,0,0,36.784025596999996,36.816480236,36.585007145,36.95058941,0.18493938416437372,14.717822788,14.445221098,0.153741163,7.462364076666667,22.066202808999996,22.061326337666667,2.0,2.0,2.0,2.0,2.0
incomplete,0,4,160,0.000002,4,0,1,0,1,0,,,,,,,,,,,,0.0,,,,
ok,0,4,160,0.000002,4,2,9,9,0,0,37.080076499444445,36.891432258,36.408020069,37.783320856,0.5068091926547615,14.808613245666667,14.577223982444444,0.16523218677777776,7.524317561555556,22.271463253777778,22.26677373077778,2.0,2.0,2.0,2.0,2.0
incomplete,0,4,160,0.000006,3,0,2,0,2,0,,,,,,,,,,,,0.0,,,,
ok,0,4,160,0.000006,3,3,11,11,0,0,40.445209224181816,40.454583156,39.988252224,40.91646485,0.27964503080240594,14.741588967181817,14.460637805636363,0.1591697288181818,11.078916331454545,25.703620257,25.69872386590909,3.0,3.0,1.0,3.0,3.0
ok,0,4,160,0.000006,4,4,3,3,0,0,42.93309570466666,43.084614588,42.577289435,43.137383091,0.30926478117916567,14.435201212,14.139732880333334,0.14305224633333333,14.210929357,28.497894492666664,28.49371448366667,4.0,4.0,0.0,4.0,4.0
incomplete,0,4,160,0.000006,5,0,1,0,1,0,,,,,,,,,,,,0.0,,,,
ok,0,4,160,0.000006,5,5,9,9,0,0,44.03149342644444,43.811230839,43.490333771,44.768315246,0.5004967896698141,14.803457732444445,14.560535176,0.15365854644444443,14.508682647,29.228035694,29.222876369444442,5.0,4.0,0.0,4.0,4.0
incomplete,0,4,160,0.000006,6,0,2,0,2,0,,,,,,,,,,,,0.0,,,,
ok,0,4,160,0.000006,6,6,7,7,0,0,43.54583158957143,43.579474737,42.768204073,44.412192049,0.5733839253363778,14.626926618285715,14.390291103428572,0.14673208742857144,14.377152126571428,28.918904971285713,28.914175317428572,6.0,4.0,0.0,4.0,4.0
incomplete,0,8,320,0.000002,1,0,3,0,3,0,,,,,,,,,,,,0.0,,,,
ok,0,8,320,0.000002,1,1,19,19,0,0,21.570408292894736,21.561317663,21.098178147,22.110560885,0.2821703921384434,8.462437898578948,8.377358957315789,0.213240699,4.508899309368421,13.10797039431579,13.09949896568421,1.0,2.0,2.0,2.0,2.0
ok,0,8,320,0.000002,2,2,7,7,0,0,21.611441774714287,21.510819179,21.06310306,21.993687999,0.33616709793519833,8.493514418857144,8.389310002285715,0.20322426742857141,4.5170411168571425,13.117927355857143,13.109575386571429,2.0,2.0,2.0,2.0,2.0
incomplete,0,8,320,0.000002,3,0,1,0,1,0,,,,,,,,,,,,0.0,,,,
ok,0,8,320,0.000002,3,2,4,4,0,0,21.6828311535,21.626020293,21.392182539,22.087101489,0.34340940536212117,8.49143376925,8.417014323,0.219719607,4.54689854275,13.19139738425,13.18363247275,2.0,2.0,2.0,2.0,2.0
ok,0,8,320,0.000002,4,2,10,10,0,0,21.8922201225,21.885815352,21.577720053,22.128575418,0.15998332514572902,8.5720479345,8.5016152118,0.2236433607,4.5861863362,13.320172188,13.3114449087,2.0,2.0,2.0,2.0,2.0
incomplete,0,8,320,0.000006,3,0,2,0,2,0,,,,,,,,,,,,0.0,,,,
ok,0,8,320,0.000006,3,3,11,11,0,0,23.753449694181818,23.748121267,23.193188555,24.392072974,0.3637736629272444,8.510679433545455,8.428492176181818,0.207016436,6.599086758727273,15.242770260636362,15.23459537090909,3.0,3.0,1.0,3.0,3.0
ok,0,8,320,0.000006,4,4,5,5,0,0,24.9410653604,24.94796572,24.676052427,25.358591466,0.26668240740483895,8.339921353,8.244756577,0.1826132618,8.1655118246,16.6011440074,16.5928816634,4.0,4.0,0.0,4.0,4.0
incomplete,0,8,320,0.000006,5,0,2,0,2,0,,,,,,,,,,,,0.0,,,,
ok,0,8,320,0.000006,5,5,8,8,0,0,25.539294459,25.635883614,24.758801628,26.075812159,0.3825660455388996,8.53618510975,8.4379794885,0.200624153875,8.35642165525,17.00310934925,16.995025297625,5.0,4.0,0.0,4.0,4.0
incomplete,0,8,320,0.000006,6,0,2,0,2,0,,,,,,,,,,,,0.0,,,,
ok,0,8,320,0.000006,6,6,7,7,0,0,25.499452930142855,25.399941216,24.751344179,26.758212115,0.6623050736680517,8.48686758057143,8.367726481,0.18859006785714286,8.448249364285713,17.012585349571427,17.00456591314286,6.0,4.0,0.0,4.0,4.0
incomplete,0,16,640,0.000002,1,0,1,0,1,0,,,,,,,,,,,,0.0,,,,
ok,0,16,640,0.000002,1,1,20,20,0,0,14.57302460935,14.5513316285,14.19820977,14.99560727,0.2304290749605206,5.66573414035,5.4737202931999995,0.29030527665,3.12777556235,8.907290469,8.8918011322,1.0,2.0,2.0,2.0,2.0
ok,0,16,640,0.000002,2,2,10,10,0,0,14.6369715448,14.594125017,14.328369694,14.942548566,0.19188094956170468,5.6907438364,5.4975600829,0.2985003796,3.1343607045,8.946227708399999,8.930421167,2.0,2.0,2.0,2.0,2.0
ok,0,16,640,0.000002,3,2,5,5,0,0,14.5376952512,14.534600873,14.360926771,14.835522675,0.19321695215352502,5.6738298364,5.4553333102,0.285250392,3.1077819204,8.8638654148,8.8483656226,2.0,2.0,2.0,2.0,2.0
ok,0,16,640,0.000002,4,2,7,7,0,0,14.576644394571428,14.577110093,14.268740439,14.847076146,0.22480499134206602,5.6723804285714285,5.486951836714286,0.2812116937142857,3.1209354694285714,8.904263966,8.889098999857143,2.0,2.0,2.0,2.0,2.0
incomplete,0,16,640,0.000006,3,0,1,0,1,0,,,,,,,,,,,,0.0,,,,
ok,0,16,640,0.000006,3,3,13,13,0,0,15.921865558307692,15.832663213,15.558618218,16.266416155,0.2689882449828946,5.685494544461538,5.483710286923077,0.2810922902307692,4.455400103461539,10.236371013846155,10.220202680615385,3.0,3.0,1.0,3.0,3.0
ok,0,16,640,0.000006,4,4,4,4,0,0,16.6677584705,16.679719537,16.385464015,16.926130793,0.22427597843164213,5.61431654325,5.4193888367500005,0.268388855,5.3504279045,11.053441927249999,11.03820559625,4.0,4.0,0.0,4.0,4.0
incomplete,0,16,640,0.000006,5,0,1,0,1,0,,,,,,,,,,,,0.0,,,,
ok,0,16,640,0.000006,5,5,6,6,0,0,16.64203603,16.637275282,16.315295693,16.985962514,0.2446725197597153,5.623103962333333,5.422585394333334,0.263194371,5.317518340333334,11.018932067666668,11.003298105666667,5.0,4.0,0.0,4.0,4.0
incomplete,0,16,640,0.000006,6,0,1,0,1,0,,,,,,,,,,,,0.0,,,,
ok,0,16,640,0.000006,6,6,7,7,0,0,16.88970551342857,16.898564819,16.494940842,17.295895156,0.3027512787504488,5.701355064142857,5.500322510857143,0.2700115711428571,5.402079990142857,11.188350449285714,11.172414072142857,6.0,4.0,0.0,4.0,4.0
